题型,题目,选项,答案,解析,知识点
单选题,进入化学实验室前，以下哪项做法正确？,"A. 未经培训直接进入
B. 穿拖鞋进入
C. 完成安全教育和准入考核
D. 在实验室饮食",C,进入实验室前应完成安全教育和准入考核。,准入管理
单选题,实验废液应如何处理？,"A. 直接倒入水池
B. 倒入矿泉水瓶
C. 分类收集于专用废液桶并贴标签
D. 与生活垃圾混放",C,实验废液应使用专用容器分类收集并贴标签。,废液管理
单选题,气瓶正确放置方式是？,"A. 靠墙即可
B. 平放地面
C. 链条、支架或气瓶柜固定
D. 放门口方便搬运",C,气瓶应固定，防止倾倒。,气瓶安全
判断题,夜间开展高风险实验前应进行备案。,正确/错误,正确,夜间高风险实验应有备案和人员安排。,夜间实验
情景分析题,实验过程中出现头晕、胸闷，应如何处置？,,见解析,立即停止实验，离开可能暴露区域，到空气流通处，报告导师或安全管理员；排查通风、挥发性溶剂、有毒有害气体、气瓶泄漏等因素，症状持续或加重时及时就医。,应急处置
情景分析题,巡检发现：使用矿泉水桶或饮料瓶装废液。请判断风险并说明整改措施。,,高风险,隐患类别：化学废弃物管理。问题分析：容器不规范、标签混乱、成分不明，可能造成误用、泄漏或混装反应。整改建议：立即转移至专用废液桶，张贴规范标签，培训相关人员。,化学废弃物管理
情景分析题,巡检发现：废液桶无标签或标签信息不完整。请判断风险并说明整改措施。,,高风险,隐患类别：化学废弃物管理。问题分析：废液成分、危险类别、责任人不明，增加转运和处置风险。整改建议：补贴标签，注明主要成分、危险类别、日期、责任人和实验室。,化学废弃物管理
情景分析题,巡检发现：不相容废液混装。请判断风险并说明整改措施。,,重大风险,隐患类别：化学废弃物管理。问题分析：酸碱、氧化还原、有机/无机等不相容废液混装可能反应、放热、放气或爆炸。整改建议：立即停止混装，按学校要求联系专业人员处置，不得盲目转移未知混合物。,化学废弃物管理
情景分析题,巡检发现：废液桶敞口放置。请判断风险并说明整改措施。,,中风险,隐患类别：化学废弃物管理。问题分析：挥发性物质逸散，可能造成吸入暴露、异味和火灾风险。整改建议：保持废液桶密闭，收集时使用漏斗后及时盖紧。,化学废弃物管理
情景分析题,巡检发现：化学品无标签或标签脱落。请判断风险并说明整改措施。,,高风险,隐患类别：危险化学品管理。问题分析：化学品身份不明，无法判断危险性和相容性。整改建议：暂停使用，核实成分后补贴标签；无法确认的按未知危险化学品处理。,危险化学品管理
情景分析题,巡检发现：酸碱试剂混放。请判断风险并说明整改措施。,,高风险,隐患类别：危险化学品管理。问题分析：泄漏后可能发生中和放热、腐蚀和飞溅。整改建议：按酸、碱分区或分柜存放，设置清晰标识。,危险化学品管理
情景分析题,巡检发现：氧化剂与还原剂混放。请判断风险并说明整改措施。,,高风险,隐患类别：危险化学品管理。问题分析：可能发生剧烈氧化还原反应，引发火灾或爆炸。整改建议：立即分柜存放，核查台账和标签。,危险化学品管理
情景分析题,巡检发现：易燃液体靠近热源。请判断风险并说明整改措施。,,高风险,隐患类别：危险化学品管理。问题分析：易燃蒸气遇热源或火源可能引发火灾。整改建议：转移至阴凉通风的防火/安全柜，远离热源和火源。,危险化学品管理
情景分析题,巡检发现：危险化学品大量积存。请判断风险并说明整改措施。,,中风险,隐患类别：危险化学品管理。问题分析：库存过量增加火灾、中毒和泄漏后果。整改建议：按需领用，清理长期不用或过期试剂，完善台账。,危险化学品管理
情景分析题,巡检发现：管制类化学品台账不全。请判断风险并说明整改措施。,,重大风险,隐患类别：管制类化学品管理。问题分析：易制毒、易制爆、剧毒等管制类化学品去向不明，管理风险高。整改建议：立即盘点，补全采购、领用、使用、归还和余量记录，落实专人管理。,管制类化学品管理
情景分析题,巡检发现：气瓶未固定。请判断风险并说明整改措施。,,高风险,隐患类别：气瓶安全。问题分析：气瓶倾倒可能造成阀门损坏、泄漏、冲击伤害。整改建议：使用链条、支架或气瓶柜固定，清理通道。,气瓶安全
情景分析题,巡检发现：气瓶减压阀或管路漏气。请判断风险并说明整改措施。,,高风险,隐患类别：气瓶安全。问题分析：气体泄漏可能导致中毒、窒息、燃爆。整改建议：立即停止使用，关闭阀门，通风并报告，联系专业人员处理。,气瓶安全
情景分析题,巡检发现：氢气或乙炔气瓶靠近火源。请判断风险并说明整改措施。,,重大风险,隐患类别：气瓶安全。问题分析：易燃气体遇火源存在燃爆风险。整改建议：立即移离火源，按易燃气体要求分类存放并固定。,气瓶安全
情景分析题,巡检发现：气瓶使用后未关闭总阀。请判断风险并说明整改措施。,,高风险,隐患类别：气瓶安全。问题分析：可能造成持续泄漏和压力异常。整改建议：使用后关闭总阀，纳入离室检查。,气瓶安全
情景分析题,巡检发现：插线板串联使用。请判断风险并说明整改措施。,,高风险,隐患类别：用电安全。问题分析：容易过载、发热、短路并引发火灾。整改建议：立即拆除串联，使用合格固定插座，核查用电负荷。,用电安全
情景分析题,巡检发现：私拉乱接电线。请判断风险并说明整改措施。,,高风险,隐患类别：用电安全。问题分析：线路不规范，存在触电、短路和火灾风险。整改建议：停止使用，联系专业电工整改。,用电安全
情景分析题,巡检发现：吹风机/烘干机使用后未拔插头。请判断风险并说明整改措施。,,中风险,隐患类别：用电安全。问题分析：小型电器待机可能过热、老化或短路。整改建议：使用后断电拔插头，纳入离室检查。,用电安全
情景分析题,巡检发现：电热板旁堆放纸张或塑料。请判断风险并说明整改措施。,,高风险,隐患类别：用电安全。问题分析：可燃物受热可能起火。整改建议：清理周边可燃物，设置安全距离。,用电安全
情景分析题,巡检发现：设备带故障运行。请判断风险并说明整改措施。,,高风险,隐患类别：仪器设备安全。问题分析：故障设备可能引发电气、机械或实验事故。整改建议：停止使用，张贴停用标识，报修并记录。,仪器设备安全
情景分析题,巡检发现：气相色谱仪长期过夜无人值守。请判断风险并说明整改措施。,,高风险,隐患类别：仪器设备安全。问题分析：长时间运行存在电气、气路和设备异常风险。整改建议：确需运行应审批备案，明确责任人、巡查记录和应急联系方式。,仪器设备安全
情景分析题,巡检发现：加热回流实验无人看守。请判断风险并说明整改措施。,,高风险,隐患类别：实验操作安全。问题分析：冷凝水中断、溶剂挥发或加热异常可能引发火灾。整改建议：停止无人值守，检查冷凝水、加热装置和通风橱，安排值守。,实验操作安全
情景分析题,巡检发现：通风橱内堆放大量杂物。请判断风险并说明整改措施。,,中风险,隐患类别：场所环境与设施。问题分析：影响通风效果和应急处置空间。整改建议：清理无关物品，保持通风橱操作空间。,场所环境与设施
情景分析题,巡检发现：洗眼器前堆放物品。请判断风险并说明整改措施。,,高风险,隐患类别：应急设施。问题分析：紧急情况下无法及时冲洗，扩大伤害。整改建议：立即清理，保持应急设施前方畅通。,应急设施
情景分析题,巡检发现：灭火器被遮挡或过期。请判断风险并说明整改措施。,,高风险,隐患类别：消防安全。问题分析：火情初期无法及时处置。整改建议：清理遮挡，检查压力和有效期，过期及时更换。,消防安全
情景分析题,巡检发现：消防通道堵塞。请判断风险并说明整改措施。,,高风险,隐患类别：消防安全。问题分析：影响人员疏散和消防救援。整改建议：立即清理通道，保持安全出口畅通。,消防安全
情景分析题,巡检发现：实验室存放食品饮料。请判断风险并说明整改措施。,,中风险,隐患类别：行为规范。问题分析：存在误食、污染和化学暴露风险。整改建议：清理食品饮料，开展行为规范教育。,行为规范
情景分析题,巡检发现：穿拖鞋短裤进入实验室。请判断风险并说明整改措施。,,中风险,隐患类别：个人防护。问题分析：皮肤暴露，易受化学品飞溅、玻璃划伤或烫伤。整改建议：要求穿实验服、长裤和包脚鞋，必要时佩戴护目镜。,个人防护
情景分析题,巡检发现：污染手套触摸门把手/手机。请判断风险并说明整改措施。,,中风险,隐患类别：个人防护。问题分析：造成交叉污染和二次暴露。整改建议：污染手套不得触摸公共物品，操作后脱手套洗手。,个人防护
情景分析题,巡检发现：样品长期无标签堆放。请判断风险并说明整改措施。,,中风险,隐患类别：样品管理。问题分析：样品身份和危险性不明，影响处置。整改建议：补贴标签，清理无主样品，建立样品台账。,样品管理
情景分析题,巡检发现：玻璃碎片与生活垃圾混放。请判断风险并说明整改措施。,,中风险,隐患类别：废弃物管理。问题分析：可能造成割伤和污染。整改建议：使用专用防刺破容器收集玻璃碎片。,废弃物管理
情景分析题,巡检发现：针头或锐器随意丢弃。请判断风险并说明整改措施。,,高风险,隐患类别：生物/锐器安全。问题分析：存在针刺伤和感染风险。整改建议：投入锐器盒，严禁回套针帽或混入普通垃圾。,生物/锐器安全
情景分析题,巡检发现：生物废物未灭活。请判断风险并说明整改措施。,,高风险,隐患类别：生物安全。问题分析：可能造成生物污染和感染风险。整改建议：按要求灭活或规范收集转运。,生物安全
情景分析题,巡检发现：机械设备运行时伸手调整。请判断风险并说明整改措施。,,高风险,隐患类别：机械安全。问题分析：可能造成卷入、割伤或挤压。整改建议：停机断电后调整，佩戴合适防护用品。,机械安全
情景分析题,巡检发现：高速离心机未配平。请判断风险并说明整改措施。,,高风险,隐患类别：仪器设备安全。问题分析：转子失衡可能造成设备损坏和人员伤害。整改建议：重新配平，检查转子和离心管，按规程操作。,仪器设备安全
情景分析题,巡检发现：烘箱内放入不适宜样品。请判断风险并说明整改措施。,,高风险,隐患类别：仪器设备安全。问题分析：挥发性、易燃或密闭样品加热可能引发火灾或爆裂。整改建议：停止加热，确认样品性质，按设备适用范围使用。,仪器设备安全
情景分析题,巡检发现：实验室门未关闭或门禁长期敞开。请判断风险并说明整改措施。,,中风险,隐患类别：场所与门禁管理。问题分析：实验室门未关闭或门禁长期敞开，可能导致无关人员进入、危险化学品和仪器设备失管、资产安全风险增加，也不利于事故责任追溯。整改建议：立即关闭实验室门并落实门禁管理；明确最后离室人员责任；外来人员进入应登记并进行安全告知；将关门、断电、关水、关气纳入离室检查清单。,场所与门禁管理
情景分析题,巡检发现：实验室地面积水未及时处理。请判断风险并说明整改措施。,,中风险,隐患类别：用水与场所环境隐患。问题分析：地面积水可能导致滑倒，也可能影响电气设备安全，扩大漏水损失。整改建议：立即清理积水，排查水龙头、管路和下水是否异常，必要时联系维修人员处理。,用水与场所环境隐患
简答题,实验室准入基本要求的核心要求是什么？,,见解析,进入实验室前应完成安全教育培训、准入考试和实验室现场告知，未经培训和准入考核合格不得独立开展实验。新进人员应了解实验室危险源、应急设施位置、个人防护要求和离室检查要求。,准入管理
简答题,实验室安全责任链条的核心要求是什么？,,见解析,实验室安全管理应形成学校、学院、实验室、个人四级责任链条。实验室负责人、安全员、指导教师和实验人员应分别履行风险辨识、教育培训、日常检查、隐患整改和规范操作责任。,责任体系
简答题,高风险实验导师审核的核心要求是什么？,,见解析,涉及危险化学品、气瓶、高温高压、夜间实验、管制类化学品、长时间连续运行设备等场景，应在实验前由导师或实验室负责人审核，明确危险源、防护措施、应急预案、责任人和实验时间。,导师审核
简答题,夜间实验备案要求的核心要求是什么？,,见解析,夜间实验应坚持必要性原则。涉及高风险因素时，应完成夜间实验备案，记录实验人员、地点、内容、时间、危险源、防护措施、导师或负责人联系方式。原则上不建议单人开展高风险夜间实验。,夜间实验
简答题,实验服、手套和护目镜的核心要求是什么？,,见解析,进入化学类实验室应穿实验服。涉及化学品操作应佩戴合适手套；存在飞溅、腐蚀或刺激风险时应佩戴护目镜或面屏。污染手套不得触摸门把手、手机、电脑键盘等公共物品。,基础防护
简答题,实验室行为禁忌的核心要求是什么？,,见解析,实验室内不得饮食、饮水、吸烟、化妆或存放食品。不得穿拖鞋、短裤、裙装等不符合要求的服装进入实验室。长发应束起，不得佩戴影响操作安全的饰品。,行为规范
简答题,危险化学品分类存放的核心要求是什么？,,见解析,危险化学品应按酸、碱、氧化剂、还原剂、易燃液体、毒害品、腐蚀品等性质分类存放。不相容化学品不得混放，药品柜外应有清晰标识，试剂瓶标签应完整、清晰。,分类存放
简答题,危险化学品台账的核心要求是什么？,,见解析,危险化学品应建立采购、入库、领用、使用、暂存、废弃和处置台账，做到账物一致。重点危险化学品应严格按制度履行审批、领用和归还手续。,台账管理
简答题,试剂标签和二次容器标签的核心要求是什么？,,见解析,所有化学品原瓶和二次分装容器均应有标签，标签至少包含名称、浓度或主要成分、危险类别、配置日期、责任人等信息。不得使用无标签、标签脱落或来源不明的试剂。,标签管理
简答题,管制类化学品管理的核心要求是什么？,,见解析,易制毒、易制爆、剧毒等管制类化学品应执行专柜存放、专人管理、审批领用、台账记录和余量核对等要求。不得私自购买、转借、转让或超量领用。,管制类化学品
简答题,安全技术说明书SDS使用的核心要求是什么？,,见解析,开展涉及危险化学品的实验前，应查阅安全技术说明书SDS，了解理化性质、危险性、个体防护、泄漏处置、急救措施、消防措施和废弃处置要求。,SDS
简答题,化学品冰箱使用要求的核心要求是什么？,,见解析,试剂冰箱应专用并张贴标识，不得存放食品。易燃溶剂不得随意存放于普通冰箱，应根据其性质选择符合要求的储存条件。,冰箱管理
简答题,实验废液分类收集的核心要求是什么？,,见解析,实验废液不得直接倒入水池，应按有机废液、无机酸碱废液、含重金属废液、含卤有机废液、含氰/硫/铬等特殊废液等类别分类收集，具体分类以学校规定为准。,废液分类
简答题,废液标签规范的核心要求是什么？,,见解析,废液桶应张贴规范标签，注明主要成分、危险类别、产生日期、实验室名称、责任人和联系方式。标签缺失或成分不明会增加转运、暂存和处置风险。,废液标签
简答题,废液容器要求的核心要求是什么？,,见解析,废液应使用专用耐腐蚀容器收集，不得使用矿泉水瓶、饮料瓶、食品桶或原标签未去除的生活容器。废液桶不得敞口，不得过量盛装，不相容废液不得混装。,废液容器
简答题,沾染化学品的固体废物的核心要求是什么？,,见解析,沾染危险化学品的手套、滤纸、吸附材料、破损容器等应按实验室危险废物要求分类收集，不得与生活垃圾混放。尖锐物、玻璃碎片应使用防刺破容器收集。,固体废物
简答题,危废暂存要求的核心要求是什么？,,见解析,危险废物暂存区应有标识、台账和防渗漏措施，废液桶应保持密闭，存放区域应远离火源、热源和不相容化学品。达到规定量或期限应及时转运。,暂存管理
简答题,气瓶固定要求的核心要求是什么？,,见解析,气瓶应使用链条、支架或气瓶柜固定，防止倾倒。不得将气瓶随意靠墙放置，不得堵塞通道。移动气瓶应使用专用小车，运输时安装瓶帽。,固定
简答题,气瓶使用前检查的核心要求是什么？,,见解析,使用气瓶前应检查瓶体标识、有效期、阀门、减压阀、压力表、管路连接和泄漏情况。发现漏气、阀门异常或标识不清应停止使用并报告。,使用前检查
简答题,气瓶分类与兼容性的核心要求是什么？,,见解析,易燃气体、助燃气体、有毒气体和惰性气体应按性质分类存放。易燃气体与助燃气体不得混放，应远离火源、热源和强氧化剂。,分类存放
简答题,高压反应装置管理的核心要求是什么？,,见解析,高压反应装置使用前应确认设备状态、压力等级、密封性、安全阀、温控和应急泄压措施。未经培训人员不得独立操作高压设备。,高压设备
简答题,实验室用电基本要求的核心要求是什么？,,见解析,不得私拉乱接电线，不得使用破损插座、老化电线和不合格插线板。不得多个插线板串联使用。电器设备周围不得堆放纸张、塑料、试剂等可燃物。,用电安全
简答题,小型电器断电要求的核心要求是什么？,,见解析,吹风机、烘干机、电热板、小型加热器等使用后应及时关闭电源并拔掉插头，离开实验室前应将其纳入水电气门窗离室检查。,小型电器
简答题,大型仪器连续运行管理的核心要求是什么？,,见解析,气相色谱、液相色谱、烘箱、培养箱等确需长时间运行的设备，应明确责任人、运行时间、巡查频次和异常处置方式，必要时安装监控或远程报警。,连续运行
简答题,加热设备安全的核心要求是什么？,,见解析,加热回流、电热套、马弗炉、烘箱等设备使用前应检查线路、温控、冷凝水、周围可燃物和通风条件。不得无人值守开展高风险加热实验。,加热设备
简答题,消防设施可用性的核心要求是什么？,,见解析,实验室应保持灭火器、消防栓、应急照明、疏散通道和安全出口可用，不得遮挡、占用或挪用。实验人员应了解灭火器类型和适用范围。,消防设施
简答题,洗眼器和喷淋装置的核心要求是什么？,,见解析,涉及腐蚀性、有毒有害、刺激性化学品的实验区域应配备并保持洗眼器、喷淋装置可用。设备周边不得堆放杂物，应定期检查出水情况。,洗眼喷淋
简答题,化学品泄漏初步处置原则的核心要求是什么？,,见解析,发生化学品泄漏时，应先确保人员安全，疏散无关人员，佩戴合适防护用品，切断火源，避免盲目处理未知物质，并及时报告导师或安全管理员。,泄漏处置
简答题,实验室火灾初步处置的核心要求是什么？,,见解析,发生火情时应立即呼救报警，视火势和自身安全情况使用合适灭火器材初期处置，火势无法控制时立即撤离，不得贪恋财物或返回取物。,火灾处置
简答题,实验过程中出现头晕、恶心或胸闷的处置的核心要求是什么？,,见解析,实验过程中出现头晕、恶心、胸闷、咳嗽、呼吸不适等症状时，应立即停止实验，离开可能暴露区域，到空气流通处休息，并及时报告同伴、导师或安全管理员。应排查通风、挥发性溶剂、有毒有害气体、气瓶泄漏和加热挥发等因素；症状持续或加重时应及时就医。,人员不适
简答题,化学品进入眼睛的应急处置的核心要求是什么？,,见解析,化学品进入眼睛后，应立即使用洗眼器或大量流动清水持续冲洗，并尽快报告导师或安全管理员。应确认接触物质名称和SDS，必要时安排人员陪同就医。,眼部暴露
简答题,通风橱使用规范的核心要求是什么？,,见解析,涉及挥发性、有毒、有刺激性或恶臭气体的操作应在通风橱内进行。通风橱内不得堆放无关物品，操作口高度应适当，使用前确认通风正常。,通风橱
简答题,实验室环境与通道的核心要求是什么？,,见解析,实验台面应整洁，药品和样品不得长期无序堆放。消防通道、安全出口、配电箱和应急设施前不得堆放物品。,卫生与通道
简答题,生物实验基础要求的核心要求是什么？,,见解析,涉及生物材料时应按实验室生物安全等级要求开展，规范使用生物安全柜，实验废物应灭活或按规定收集，避免气溶胶、针刺伤和交叉污染。,生物安全
简答题,机械与切割设备安全的核心要求是什么？,,见解析,使用切割、打磨、压片、搅拌等机械设备时，应佩戴合适防护用品，避免衣物、长发、手套被卷入，设备运行时不得伸手调整。,机械设备
